Operacio,Dia,Hora,Preu,Volum
SI,02/01/24,09:00:08,2.65,2252
C,02/01/24,09:14:12,2.6812,2837
C,02/01/24,09:14:13,2.692,1707
C,02/01/24,09:38:33,2.7,1721
C,02/01/24,10:02:40,2.7,754
V,02/01/24,10:03:40,2.6845,5005
C,02/01/24,10:03:44,2.7,588
V,02/01/24,10:09:20,2.69,34
V,02/01/24,10:11:54,2.69,155
V,02/01/24,10:14:42,2.6763,10000
V,02/01/24,10:27:28,2.67,738
V,02/01/24,10:27:54,2.67,177
C,02/01/24,10:32:05,2.68,34
V,02/01/24,10:35:01,2.67,1100
C,02/01/24,10:46:02,2.6775,2000
C,02/01/24,10:57:45,2.68,225
V,02/01/24,11:06:29,2.6633,10000
C,02/01/24,11:07:16,2.6825,2000
V,02/01/24,12:03:36,2.66,5
V,02/01/24,12:04:58,2.66,235
C,02/01/24,12:19:46,2.665,227
V,02/01/24,12:30:35,2.66,645
V,02/01/24,12:32:13,2.66,2
C,02/01/24,12:33:13,2.665,227
V,02/01/24,12:33:17,2.66,189
C,02/01/24,12:33:42,2.665,187
V,02/01/24,12:34:07,2.66,191
V,02/01/24,12:34:16,2.655,753
C,02/01/24,12:34:18,2.66,191
V,02/01/24,12:34:23,2.655,2
V,02/01/24,12:36:47,2.655,85
C,02/01/24,12:40:15,2.66,45
C,02/01/24,12:40:19,2.66,67
C,02/01/24,12:48:38,2.66,5
V,02/01/24,12:55:29,2.6568,970
V,02/01/24,14:11:26,2.65,9328
V,02/01/24,14:12:38,2.645,477
V,02/01/24,14:12:39,2.645,271
C,02/01/24,14:32:45,2.66,1032
C,02/01/24,14:33:15,2.66,98
C,02/01/24,14:33:16,2.66,13
C,02/01/24,15:00:28,2.66,36
C,02/01/24,15:02:23,2.66,77
V,02/01/24,15:03:51,2.6564,105
C,02/01/24,15:14:18,2.66,9
C,02/01/24,15:17:48,2.6649,1051
C,02/01/24,15:20:00,2.67,2163
C,02/01/24,15:31:29,2.67,2720
C,02/01/24,15:46:30,2.675,2150
V,02/01/24,15:47:30,2.67,1661
V,02/01/24,15:49:41,2.6681,1566
V,02/01/24,15:54:00,2.665,1035
V,02/01/24,16:06:29,2.665,9385
C,02/01/24,16:06:32,2.67,48
C,02/01/24,16:06:36,2.67,32
C,02/01/24,16:06:37,2.67,7
C,02/01/24,16:10:21,2.67,31
C,02/01/24,16:18:12,2.6749,1059
C,02/01/24,16:20:10,2.675,171
V,02/01/24,16:25:59,2.67,34
C,02/01/24,16:31:32,2.6723,370
V,02/01/24,16:34:00,2.67,5
C,02/01/24,16:45:47,2.6746,1112
V,02/01/24,16:47:17,2.67,634
C,02/01/24,16:49:02,2.6734,251
V,02/01/24,16:49:07,2.67,320
V,02/01/24,16:51:09,2.67,22
V,02/01/24,16:51:30,2.67,21
V,02/01/24,16:55:09,2.67,35
C,02/01/24,16:57:33,2.6747,500
C,02/01/24,17:01:04,2.6771,1000
V,02/01/24,17:12:27,2.677,64
C,02/01/24,17:28:28,2.685,80
SF,02/01/24,17:35:01,2.69,5591
SI,03/01/24,09:00:27,2.695,5282
SI,03/01/24,09:00:28,2.695,2712
C,03/01/24,09:08:08,2.7,2000
V,03/01/24,09:24:30,2.69,324
V,03/01/24,09:24:31,2.69,36
C,03/01/24,09:26:34,2.7,10804
C,03/01/24,09:27:16,2.7,1612
C,03/01/24,09:28:32,2.705,950
V,03/01/24,09:30:09,2.7,3000
C,03/01/24,09:47:54,2.7097,2598
C,03/01/24,09:51:33,2.715,200
V,03/01/24,09:54:48,2.7,4549
V,03/01/24,09:56:05,2.69,720
V,03/01/24,09:56:51,2.69,5091
C,03/01/24,09:58:12,2.695,1905
C,03/01/24,10:01:10,2.695,1243
C,03/01/24,10:08:22,2.7,3691
V,03/01/24,10:11:52,2.69,2941
V,03/01/24,10:40:23,2.6796,5724
V,03/01/24,10:41:28,2.665,300
V,03/01/24,10:58:55,2.655,796
C,03/01/24,10:59:38,2.665,2408
V,03/01/24,11:12:52,2.655,100
V,03/01/24,11:25:32,2.655,3158
C,03/01/24,11:26:33,2.66,167
V,03/01/24,11:37:25,2.65,2
V,03/01/24,11:39:48,2.65,15
V,03/01/24,11:44:20,2.65,390
C,03/01/24,12:10:13,2.665,974
V,03/01/24,12:12:15,2.66,119
V,03/01/24,12:21:13,2.66,1585
V,03/01/24,12:27:31,2.66,2305
V,03/01/24,12:35:52,2.66,1000
V,03/01/24,12:37:39,2.65,5135
C,03/01/24,12:44:41,2.6581,544
C,03/01/24,13:17:28,2.66,100
V,03/01/24,13:53:11,2.645,800
C,03/01/24,14:31:51,2.65,6093
C,03/01/24,14:32:00,2.655,1244
V,03/01/24,15:00:55,2.645,4101
V,03/01/24,15:06:37,2.645,2000
V,03/01/24,15:33:56,2.6363,2573
V,03/01/24,15:48:35,2.635,34
C,03/01/24,15:49:40,2.64,1074
V,03/01/24,16:01:20,2.635,2966
C,03/01/24,16:10:18,2.64,204
C,03/01/24,17:09:49,2.645,1206
V,03/01/24,17:19:05,2.64,3969
SF,03/01/24,17:35:20,2.645,3676
SI,04/01/24,11:08:08,2.665,112
V,04/01/24,11:36:32,2.656,1627
C,04/01/24,11:37:30,2.6594,1813
V,04/01/24,11:51:56,2.6566,5075
V,04/01/24,11:59:24,2.655,25
C,04/01/24,12:05:34,2.66,12
C,04/01/24,12:10:28,2.66,13
C,04/01/24,12:34:48,2.67,2134
C,04/01/24,12:34:53,2.68,503
V,04/01/24,12:37:02,2.671,2916
V,04/01/24,12:37:14,2.67,100
V,04/01/24,12:59:23,2.67,992
V,04/01/24,12:59:24,2.6692,2012
V,04/01/24,13:01:04,2.665,2868
V,04/01/24,13:01:05,2.665,463
C,04/01/24,13:01:53,2.67,2214
C,04/01/24,13:30:24,2.68,7415
C,04/01/24,13:30:52,2.69,2430
C,04/01/24,13:36:45,2.69,650
C,04/01/24,13:39:18,2.69,3474
V,04/01/24,14:42:07,2.675,29
C,04/01/24,14:45:40,2.685,109
V,04/01/24,15:07:59,2.68,1732
V,04/01/24,15:09:10,2.68,77
V,04/01/24,15:25:44,2.6745,1751
V,04/01/24,15:43:26,2.665,740
C,04/01/24,16:04:41,2.6803,3714
C,04/01/24,16:10:20,2.69,1353
V,04/01/24,16:10:37,2.68,1263
C,04/01/24,16:21:22,2.685,513
C,04/01/24,16:28:39,2.69,371
V,04/01/24,16:47:54,2.68,1200
C,04/01/24,16:50:11,2.69,1173
C,04/01/24,16:56:19,2.69,600
C,04/01/24,17:05:11,2.695,15
C,04/01/24,17:13:11,2.7,209
C,04/01/24,17:13:36,2.7,803
C,04/01/24,17:13:37,2.7,151
C,04/01/24,17:14:11,2.7,224
V,04/01/24,17:20:11,2.695,1962
SF,04/01/24,17:35:09,2.705,17371
SI,05/01/24,09:00:03,2.74,1173
V,05/01/24,09:01:54,2.6948,2030
V,05/01/24,09:31:32,2.6883,5810
C,05/01/24,09:38:18,2.6911,6173
C,05/01/24,09:42:33,2.705,368
V,05/01/24,09:51:27,2.69,200
C,05/01/24,09:57:01,2.7,789
C,05/01/24,09:59:57,2.7,65
V,05/01/24,10:05:27,2.695,489
V,05/01/24,10:11:29,2.6905,4736
V,05/01/24,10:11:34,2.69,1014
V,05/01/24,10:48:46,2.6667,10000
V,05/01/24,11:28:53,2.65,462
C,05/01/24,12:18:37,2.66,939
V,05/01/24,12:48:32,2.65,500
V,05/01/24,12:54:10,2.6472,6397
V,05/01/24,13:04:22,2.64,86
C,05/01/24,13:50:26,2.65,376
C,05/01/24,13:51:55,2.65,1000
V,05/01/24,13:53:48,2.64,1000
C,05/01/24,14:14:31,2.65,34
V,05/01/24,14:15:48,2.64,3729
C,05/01/24,14:17:47,2.645,39
C,05/01/24,14:17:48,2.645,26
C,05/01/24,14:17:49,2.645,17
C,05/01/24,14:17:50,2.645,34
C,05/01/24,14:29:50,2.645,109
C,05/01/24,14:56:54,2.645,1225
C,05/01/24,15:08:06,2.65,256
V,05/01/24,15:08:18,2.645,2084
C,05/01/24,15:26:42,2.65,34
V,05/01/24,15:46:36,2.645,633
C,05/01/24,15:46:37,2.65,2419
C,05/01/24,16:00:28,2.66,2000
C,05/01/24,16:08:05,2.6749,1770
C,05/01/24,16:27:06,2.68,601
C,05/01/24,16:27:12,2.68,4399
C,05/01/24,16:28:27,2.685,45
C,05/01/24,16:37:14,2.685,143
C,05/01/24,16:52:58,2.685,43
C,05/01/24,16:56:42,2.685,350
V,05/01/24,17:03:55,2.68,1733
V,05/01/24,17:25:06,2.67,131
V,05/01/24,17:27:47,2.67,34
SF,05/01/24,17:35:28,2.675,3794
SI,08/01/24,09:00:30,2.65,1358
C,08/01/24,09:09:36,2.6806,5400
V,08/01/24,09:15:00,2.6516,3441
V,08/01/24,09:44:54,2.6442,7347
C,08/01/24,09:52:19,2.6453,2717
C,08/01/24,10:22:20,2.65,60
V,08/01/24,10:28:11,2.6328,6820
V,08/01/24,10:30:30,2.625,9504
C,08/01/24,10:33:05,2.6264,414
V,08/01/24,10:34:08,2.625,1705
V,08/01/24,10:35:55,2.625,99
C,08/01/24,10:48:09,2.63,1536
V,08/01/24,11:10:16,2.6167,10000
C,08/01/24,11:12:15,2.64,2280
C,08/01/24,11:46:37,2.645,190
V,08/01/24,11:59:06,2.635,10
C,08/01/24,12:09:22,2.64,34
C,08/01/24,12:15:42,2.64,3352
C,08/01/24,12:15:43,2.645,1769
C,08/01/24,12:22:44,2.65,200
V,08/01/24,12:31:24,2.645,34
V,08/01/24,12:36:27,2.645,16
V,08/01/24,13:03:09,2.645,42
C,08/01/24,13:30:06,2.65,1349
V,08/01/24,13:32:21,2.645,1203
V,08/01/24,13:58:36,2.645,1134
C,08/01/24,14:02:34,2.655,676
C,08/01/24,14:14:21,2.655,34
C,08/01/24,14:43:16,2.655,17
V,08/01/24,15:15:05,2.645,500
C,08/01/24,15:32:46,2.655,491
C,08/01/24,15:36:48,2.6558,2359
V,08/01/24,15:36:52,2.655,91
V,08/01/24,15:36:57,2.655,90
C,08/01/24,15:38:42,2.66,374
V,08/01/24,16:17:43,2.645,555
C,08/01/24,16:32:22,2.655,900
V,08/01/24,17:15:00,2.645,1840
V,08/01/24,17:15:07,2.645,89
C,08/01/24,17:17:51,2.65,364
C,08/01/24,17:22:03,2.65,2000
C,08/01/24,17:23:14,2.65,359
C,08/01/24,17:28:13,2.65,2353
V,08/01/24,17:29:53,2.645,286
SF,08/01/24,17:35:23,2.66,7254
SI,09/01/24,09:37:15,2.644,7835
V,09/01/24,09:37:19,2.63,417
V,09/01/24,09:42:33,2.625,735
V,09/01/24,10:03:41,2.62,2000
C,09/01/24,10:03:51,2.63,200
V,09/01/24,10:09:41,2.6198,1049
V,09/01/24,10:12:44,2.615,1511
V,09/01/24,10:18:28,2.615,1257
V,09/01/24,10:58:21,2.61,923
C,09/01/24,11:07:04,2.6278,3060
V,09/01/24,11:10:36,2.61,11814
V,09/01/24,11:10:37,2.61,139
V,09/01/24,11:10:38,2.605,1587
C,09/01/24,11:11:07,2.61,2500
C,09/01/24,11:52:53,2.61,126
V,09/01/24,11:59:36,2.605,1175
V,09/01/24,11:59:37,2.605,977
C,09/01/24,12:00:38,2.61,265
V,09/01/24,12:02:33,2.605,1000
V,09/01/24,12:04:31,2.605,3761
V,09/01/24,12:05:54,2.6,375
C,09/01/24,12:06:31,2.605,1420
V,09/01/24,12:06:38,2.6,300
V,09/01/24,12:19:07,2.5938,10918
V,09/01/24,12:19:08,2.5802,2906
C,09/01/24,12:30:59,2.59,400
V,09/01/24,12:36:08,2.5829,3831
V,09/01/24,12:52:44,2.58,923
C,09/01/24,12:52:45,2.59,1327
V,09/01/24,12:58:27,2.5813,7853
C,09/01/24,12:58:36,2.59,7
V,09/01/24,13:15:27,2.58,527
V,09/01/24,13:30:16,2.58,2913
V,09/01/24,13:30:18,2.5798,5026
V,09/01/24,13:30:25,2.565,160
C,09/01/24,13:48:24,2.575,846
C,09/01/24,13:57:39,2.58,334
C,09/01/24,13:57:40,2.59,122
V,09/01/24,13:58:05,2.585,108
V,09/01/24,14:32:25,2.58,200
V,09/01/24,15:49:23,2.57,2225
V,09/01/24,15:51:01,2.57,782
C,09/01/24,16:15:11,2.58,3201
C,09/01/24,16:22:04,2.585,1519
C,09/01/24,16:43:23,2.59,840
C,09/01/24,17:07:50,2.59,1000
V,09/01/24,17:12:02,2.58,1756
V,09/01/24,17:12:14,2.5709,931
V,09/01/24,17:16:29,2.57,4000
V,09/01/24,17:20:46,2.57,952
V,09/01/24,17:22:53,2.57,310
V,09/01/24,17:29:33,2.57,494
V,09/01/24,17:29:50,2.57,400
SF,09/01/24,17:35:11,2.57,6259
SI,10/01/24,09:00:05,2.575,1458
SI,10/01/24,09:00:06,2.575,364
C,10/01/24,09:18:47,2.585,1576
V,10/01/24,10:48:36,2.575,2584
C,10/01/24,10:56:25,2.5831,894
V,10/01/24,10:56:30,2.575,205
C,10/01/24,11:16:45,2.58,775
V,10/01/24,11:24:01,2.57,3682
V,10/01/24,12:00:48,2.565,312
V,10/01/24,12:00:49,2.56,3803
C,10/01/24,12:06:09,2.5616,505
C,10/01/24,12:31:01,2.575,400
V,10/01/24,13:03:34,2.57,2606
C,10/01/24,13:21:07,2.575,1059
C,10/01/24,14:09:28,2.575,45
C,10/01/24,14:29:30,2.58,1250
C,10/01/24,14:41:38,2.5849,1227
C,10/01/24,14:44:07,2.585,17
C,10/01/24,15:24:58,2.595,1200
C,10/01/24,15:30:12,2.6,1004
C,10/01/24,15:32:09,2.61,343
V,10/01/24,15:34:58,2.5999,1679
V,10/01/24,15:45:37,2.59,543
V,10/01/24,16:54:49,2.59,2
C,10/01/24,17:00:49,2.595,454
V,10/01/24,17:00:59,2.59,116
C,10/01/24,17:15:03,2.595,2
C,10/01/24,17:28:34,2.6,52
V,10/01/24,17:28:52,2.595,127
V,10/01/24,17:29:24,2.595,76
SF,10/01/24,17:35:30,2.595,4988
SI,11/01/24,09:00:24,2.62,2243
SI,11/01/24,09:00:58,2.62,508
V,11/01/24,09:05:00,2.615,200
C,11/01/24,09:17:56,2.625,267
V,11/01/24,09:26:05,2.6101,839
V,11/01/24,09:29:01,2.61,10
V,11/01/24,09:36:46,2.6,1413
V,11/01/24,09:36:50,2.59,451
V,11/01/24,09:47:26,2.58,1107
C,11/01/24,09:48:28,2.6,1631
C,11/01/24,09:48:41,2.61,1051
C,11/01/24,10:01:19,2.61,35
C,11/01/24,10:11:13,2.61,2634
V,11/01/24,11:07:08,2.5896,20356
V,11/01/24,12:55:35,2.58,51
V,11/01/24,13:38:07,2.58,220
V,11/01/24,14:31:44,2.58,2769
V,11/01/24,15:00:28,2.575,1304
V,11/01/24,15:41:08,2.57,2000
V,11/01/24,15:52:13,2.5696,3014
C,11/01/24,15:52:14,2.57,1051
C,11/01/24,16:03:53,2.57,35
C,11/01/24,16:06:21,2.57,776
C,11/01/24,16:40:49,2.57,1396
C,11/01/24,16:42:44,2.5835,3600
V,11/01/24,16:47:43,2.575,35
C,11/01/24,16:59:34,2.585,207
V,11/01/24,17:04:59,2.58,420
SF,11/01/24,17:35:18,2.575,1998
SI,12/01/24,09:00:13,2.61,105
V,12/01/24,09:00:15,2.595,178
C,12/01/24,09:12:35,2.6126,2550
V,12/01/24,09:36:58,2.61,4
V,12/01/24,10:00:53,2.61,5496
V,12/01/24,10:27:22,2.595,178
V,12/01/24,11:00:06,2.59,200
V,12/01/24,11:39:07,2.59,433
C,12/01/24,12:23:24,2.605,36
V,12/01/24,12:27:58,2.59,1312
V,12/01/24,12:40:42,2.59,739
V,12/01/24,13:08:44,2.58,117
C,12/01/24,14:40:40,2.59,154
C,12/01/24,14:58:47,2.6,377
V,12/01/24,16:06:26,2.59,33
V,12/01/24,16:42:17,2.5856,2087
C,12/01/24,17:07:47,2.59,27
V,12/01/24,17:15:49,2.5804,754
V,12/01/24,17:27:49,2.58,77
V,12/01/24,17:29:32,2.58,483
C,12/01/24,17:29:34,2.59,43
SF,12/01/24,17:35:06,2.585,4415
SI,15/01/24,09:00:08,2.58,2755
SI,15/01/24,09:00:09,2.58,491
SI,15/01/24,09:12:58,2.58,30
C,15/01/24,09:17:10,2.585,1066
C,15/01/24,09:31:29,2.585,160
V,15/01/24,10:01:13,2.565,1500
C,15/01/24,10:03:30,2.5682,136
C,15/01/24,10:03:57,2.57,152
V,15/01/24,10:04:02,2.565,16
V,15/01/24,10:04:37,2.565,1160
C,15/01/24,10:22:20,2.57,176
C,15/01/24,10:43:23,2.57,726
C,15/01/24,10:43:28,2.57,86
V,15/01/24,11:30:04,2.565,190
V,15/01/24,11:43:01,2.5623,438
C,15/01/24,11:48:44,2.565,50
V,15/01/24,11:57:56,2.56,112
C,15/01/24,11:58:00,2.57,35
V,15/01/24,12:08:33,2.5698,707
V,15/01/24,12:08:42,2.565,25
C,15/01/24,12:08:56,2.57,51
V,15/01/24,12:11:20,2.5612,1152
C,15/01/24,12:11:24,2.565,1299
C,15/01/24,12:26:38,2.57,35
V,15/01/24,12:59:10,2.565,365
V,15/01/24,13:50:22,2.5643,2312
V,15/01/24,13:50:26,2.56,2106
V,15/01/24,13:56:48,2.555,217
C,15/01/24,14:01:47,2.56,448
V,15/01/24,14:25:01,2.5499,6435
C,15/01/24,14:25:05,2.55,223
C,15/01/24,14:49:50,2.55,1239
C,15/01/24,16:20:57,2.56,543
C,15/01/24,16:28:00,2.565,207
V,15/01/24,16:30:05,2.56,195
V,15/01/24,17:18:50,2.56,68
V,15/01/24,17:19:06,2.56,110
SF,15/01/24,17:35:02,2.565,4079
SI,16/01/24,09:00:27,2.565,19
SI,16/01/24,09:00:28,2.565,1357
V,16/01/24,09:00:30,2.56,387
V,16/01/24,09:01:27,2.555,217
V,16/01/24,09:24:32,2.5455,1591
V,16/01/24,09:32:32,2.54,1668
V,16/01/24,09:39:17,2.5365,3849
C,16/01/24,09:53:43,2.5396,6844
C,16/01/24,09:53:50,2.54,372
V,16/01/24,10:06:59,2.5358,459
V,16/01/24,10:19:05,2.53,1
C,16/01/24,10:25:57,2.54,116
V,16/01/24,10:29:00,2.535,178
V,16/01/24,10:43:47,2.53,31
C,16/01/24,10:49:11,2.54,100
V,16/01/24,10:57:40,2.53,5618
V,16/01/24,11:04:20,2.53,288
V,16/01/24,11:04:21,2.53,789
V,16/01/24,11:09:14,2.5062,27000
V,16/01/24,11:09:16,2.505,1200
C,16/01/24,11:09:42,2.5232,6282
V,16/01/24,11:13:47,2.5037,20000
C,16/01/24,11:17:47,2.51,1840
C,16/01/24,11:27:55,2.515,36
C,16/01/24,11:29:27,2.515,248
C,16/01/24,11:35:41,2.52,58
C,16/01/24,11:43:38,2.525,212
V,16/01/24,11:48:03,2.515,256
V,16/01/24,12:00:05,2.515,47
C,16/01/24,12:02:14,2.52,1190
C,16/01/24,12:02:35,2.52,500
V,16/01/24,12:22:45,2.515,36
C,16/01/24,12:22:54,2.52,5330
C,16/01/24,12:22:55,2.52,200
C,16/01/24,12:28:02,2.52,530
C,16/01/24,12:46:04,2.5251,1403
C,16/01/24,12:58:04,2.53,700
V,16/01/24,13:21:34,2.515,750
V,16/01/24,13:29:54,2.515,1627
C,16/01/24,13:30:15,2.52,311
V,16/01/24,14:24:34,2.515,92
V,16/01/24,15:02:53,2.5097,2625
C,16/01/24,15:02:58,2.51,178
V,16/01/24,15:09:05,2.501,10000
V,16/01/24,15:40:23,2.499,5492
C,16/01/24,15:42:20,2.5,111
C,16/01/24,15:45:54,2.51,1096
V,16/01/24,15:46:46,2.505,410
V,16/01/24,15:54:30,2.4965,12200
C,16/01/24,16:07:21,2.51,402
C,16/01/24,16:19:52,2.51,1355
C,16/01/24,16:24:41,2.515,1000
V,16/01/24,16:31:52,2.505,36
V,16/01/24,16:36:30,2.505,213
V,16/01/24,16:41:08,2.4993,2000
C,16/01/24,16:50:00,2.51,299
V,16/01/24,16:50:10,2.505,80
V,16/01/24,16:55:59,2.4971,5514
C,16/01/24,17:01:01,2.505,108
C,16/01/24,17:03:18,2.5079,86
V,16/01/24,17:09:59,2.505,49
V,16/01/24,17:15:33,2.505,36
V,16/01/24,17:24:44,2.505,44
V,16/01/24,17:29:33,2.5028,315
C,16/01/24,17:29:38,2.51,2
SF,16/01/24,17:35:21,2.515,3906
SI,17/01/24,09:00:15,2.4907,771
V,17/01/24,09:00:25,2.49,604
V,17/01/24,09:01:15,2.49,1451
V,17/01/24,09:25:11,2.4799,7603
V,17/01/24,10:10:20,2.452,6598
V,17/01/24,10:11:40,2.44,750
C,17/01/24,10:12:07,2.4502,2000
C,17/01/24,10:18:32,2.455,2400
V,17/01/24,10:28:57,2.4398,11000
C,17/01/24,10:58:15,2.455,52
V,17/01/24,11:01:54,2.4479,1400
C,17/01/24,11:02:47,2.495,50
V,17/01/24,11:03:22,2.465,774
C,17/01/24,11:08:52,2.485,250
V,17/01/24,11:13:27,2.46,541
C,17/01/24,11:26:18,2.47,1146
V,17/01/24,11:29:43,2.465,39
V,17/01/24,11:59:39,2.455,352
C,17/01/24,11:59:55,2.47,1171
V,17/01/24,12:42:18,2.46,1110
V,17/01/24,13:02:04,2.46,413
V,17/01/24,13:44:41,2.46,37
V,17/01/24,14:02:22,2.46,624
V,17/01/24,14:02:23,2.46,77
C,17/01/24,14:15:59,2.465,286
V,17/01/24,14:44:13,2.46,8739
V,17/01/24,14:44:14,2.455,2233
V,17/01/24,14:46:27,2.45,1544
V,17/01/24,14:46:38,2.45,410
V,17/01/24,14:50:32,2.45,46
C,17/01/24,15:07:15,2.455,1092
C,17/01/24,15:09:35,2.4667,5000
C,17/01/24,15:27:42,2.475,500
C,17/01/24,15:36:17,2.475,499
V,17/01/24,15:44:07,2.455,1669
V,17/01/24,15:51:17,2.455,856
C,17/01/24,15:53:38,2.46,600
C,17/01/24,15:53:39,2.46,183
V,17/01/24,15:54:33,2.455,114
C,17/01/24,16:02:38,2.464,1100
C,17/01/24,16:12:24,2.47,1891
C,17/01/24,16:13:07,2.47,255
C,17/01/24,16:15:39,2.475,28
C,17/01/24,16:42:40,2.475,500
C,17/01/24,16:49:35,2.475,602
V,17/01/24,17:00:58,2.46,3
C,17/01/24,17:05:27,2.4604,3123
C,17/01/24,17:10:53,2.47,1548
C,17/01/24,17:10:55,2.475,281
C,17/01/24,17:10:56,2.475,183
C,17/01/24,17:22:50,2.48,144
C,17/01/24,17:24:50,2.48,141
C,17/01/24,17:26:54,2.4837,458
C,17/01/24,17:28:05,2.485,575
V,17/01/24,17:29:27,2.475,396
SF,17/01/24,17:35:09,2.47,3881
SI,18/01/24,09:28:37,2.46,31
SI,18/01/24,09:41:01,2.46,2698
V,18/01/24,09:41:02,2.45,162
V,18/01/24,10:18:44,2.45,171
V,18/01/24,10:19:43,2.45,100
C,18/01/24,10:30:00,2.4598,2293
C,18/01/24,10:36:00,2.465,888
C,18/01/24,11:23:17,2.465,25
C,18/01/24,11:25:00,2.465,11
C,18/01/24,11:25:04,2.465,22
C,18/01/24,11:29:30,2.465,224
C,18/01/24,11:45:15,2.47,287
C,18/01/24,11:45:16,2.48,1
V,18/01/24,11:46:43,2.475,3
C,18/01/24,12:14:23,2.485,200
C,18/01/24,12:30:52,2.4855,3531
C,18/01/24,12:31:27,2.5,2258
V,18/01/24,12:31:28,2.4997,10893
V,18/01/24,12:31:29,2.49,1112
V,18/01/24,12:31:31,2.49,661
V,18/01/24,12:48:13,2.485,3
C,18/01/24,13:34:31,2.5088,5000
V,18/01/24,13:54:13,2.49,361
V,18/01/24,14:02:08,2.485,300
C,18/01/24,14:08:14,2.495,40
V,18/01/24,14:42:50,2.485,1344
V,18/01/24,14:42:53,2.485,900
V,18/01/24,14:43:04,2.4835,7217
V,18/01/24,14:43:05,2.47,1107
V,18/01/24,14:46:36,2.47,36
V,18/01/24,14:54:36,2.47,59
V,18/01/24,15:44:10,2.465,400
V,18/01/24,15:51:59,2.465,300
V,18/01/24,15:53:03,2.465,186
C,18/01/24,16:16:20,2.475,1793
C,18/01/24,16:25:32,2.475,814
V,18/01/24,17:09:59,2.465,357
C,18/01/24,17:14:42,2.47,2211
C,18/01/24,17:14:43,2.475,344
V,18/01/24,17:24:46,2.47,1000
C,18/01/24,17:25:10,2.475,932
SF,18/01/24,17:35:28,2.47,6233
SI,19/01/24,09:00:23,2.465,13350
C,19/01/24,09:05:17,2.4969,677
C,19/01/24,09:22:11,2.502,1100
V,19/01/24,09:26:23,2.4773,2430
C,19/01/24,09:37:14,2.48,2050
V,19/01/24,09:43:00,2.47,20
C,19/01/24,09:45:11,2.475,500
V,19/01/24,10:24:58,2.465,4
V,19/01/24,10:30:28,2.465,325
V,19/01/24,10:45:17,2.465,515
V,19/01/24,11:05:19,2.46,230
V,19/01/24,11:44:20,2.46,230
V,19/01/24,12:21:02,2.46,20
C,19/01/24,12:51:32,2.465,3184
V,19/01/24,12:51:33,2.46,572
V,19/01/24,12:53:24,2.46,200
V,19/01/24,13:10:10,2.4597,7198
V,19/01/24,13:10:11,2.455,214
C,19/01/24,13:21:21,2.46,2000
V,19/01/24,14:16:37,2.455,276
V,19/01/24,14:26:37,2.455,788
C,19/01/24,14:30:05,2.4613,2000
V,19/01/24,14:43:17,2.455,37
V,19/01/24,14:48:48,2.455,2000
V,19/01/24,15:19:47,2.45,235
V,19/01/24,15:52:45,2.45,236
C,19/01/24,16:00:16,2.46,397
C,19/01/24,16:03:23,2.46,29
C,19/01/24,16:06:23,2.46,14
V,19/01/24,16:21:07,2.455,223
V,19/01/24,16:30:56,2.45,2210
C,19/01/24,17:05:39,2.4563,2434
C,19/01/24,17:10:17,2.46,770
C,19/01/24,17:20:13,2.465,403
V,19/01/24,17:23:27,2.455,1624
C,19/01/24,17:26:18,2.46,525
C,19/01/24,17:29:30,2.46,186
SF,19/01/24,17:35:16,2.45,9573
SI,22/01/24,09:00:18,2.47,2202
SI,22/01/24,09:00:19,2.47,135
C,22/01/24,09:12:35,2.4805,1956
C,22/01/24,09:48:25,2.5,1000
V,22/01/24,09:49:56,2.485,5
V,22/01/24,10:08:25,2.485,317
V,22/01/24,10:42:20,2.48,1200
V,22/01/24,11:11:31,2.48,608
C,22/01/24,11:53:38,2.485,116
V,22/01/24,12:07:08,2.475,10
V,22/01/24,12:11:14,2.475,258
V,22/01/24,12:14:42,2.475,500
C,22/01/24,12:17:58,2.485,37
C,22/01/24,12:19:27,2.4889,1888
V,22/01/24,13:55:27,2.475,802
V,22/01/24,15:06:28,2.475,32
C,22/01/24,15:36:43,2.4803,1246
C,22/01/24,15:36:44,2.4901,1181
V,22/01/24,16:55:52,2.49,1473
V,22/01/24,17:19:42,2.4868,1634
C,22/01/24,17:19:48,2.495,47
SF,22/01/24,17:35:11,2.49,4333
SI,23/01/24,09:00:06,2.5041,1567
V,23/01/24,09:15:04,2.48,48
C,23/01/24,09:44:37,2.4904,1200
V,23/01/24,10:01:47,2.475,1550
C,23/01/24,10:57:41,2.495,500
V,23/01/24,11:07:04,2.4774,3269
V,23/01/24,11:08:16,2.47,200
C,23/01/24,11:09:49,2.48,300
V,23/01/24,11:51:02,2.47,1225
C,23/01/24,12:00:49,2.4808,1273
C,23/01/24,12:11:29,2.4873,1984
V,23/01/24,12:21:24,2.485,1108
V,23/01/24,12:34:54,2.48,700
V,23/01/24,13:05:48,2.48,343
C,23/01/24,13:14:01,2.4908,532
C,23/01/24,15:12:18,2.495,198
V,23/01/24,15:42:38,2.49,234
C,23/01/24,15:55:49,2.505,976
V,23/01/24,15:55:52,2.5,1020
V,23/01/24,15:58:43,2.495,276
V,23/01/24,16:25:37,2.495,92
V,23/01/24,16:37:18,2.495,92
V,23/01/24,16:43:47,2.49,66
V,23/01/24,16:53:47,2.4844,1881
V,23/01/24,16:54:24,2.48,100
C,23/01/24,16:55:08,2.485,253
C,23/01/24,16:59:54,2.495,1000
C,23/01/24,17:29:27,2.5,181
SF,23/01/24,17:35:00,2.5,3608
SI,24/01/24,09:26:12,2.475,2000
SI,24/01/24,09:26:20,2.475,2000
C,24/01/24,09:27:37,2.5,1007
C,24/01/24,09:32:28,2.5026,2097
C,24/01/24,09:37:37,2.513,1856
C,24/01/24,09:42:13,2.515,37
V,24/01/24,09:47:17,2.5011,1436
C,24/01/24,10:01:20,2.51,2000
C,24/01/24,10:15:13,2.51,189
C,24/01/24,10:45:20,2.5114,6543
C,24/01/24,10:55:03,2.52,394
C,24/01/24,12:18:03,2.5221,11952
V,24/01/24,12:38:53,2.52,247
C,24/01/24,13:19:42,2.5236,56
V,24/01/24,13:20:17,2.5134,3620
C,24/01/24,13:44:07,2.525,3710
C,24/01/24,13:49:31,2.525,37
V,24/01/24,13:52:44,2.52,2000
V,24/01/24,14:08:42,2.51,60
C,24/01/24,14:36:35,2.525,37
V,24/01/24,14:52:43,2.515,4622
C,24/01/24,14:53:00,2.5262,3020
C,24/01/24,14:54:16,2.53,1000
C,24/01/24,15:02:35,2.53,16
V,24/01/24,15:16:03,2.52,652
V,24/01/24,15:52:03,2.52,1102
C,24/01/24,15:52:04,2.525,81
C,24/01/24,16:06:59,2.525,591
C,24/01/24,16:30:00,2.525,37
C,24/01/24,16:45:41,2.5283,9472
C,24/01/24,16:45:42,2.535,240
V,24/01/24,17:15:06,2.53,259
C,24/01/24,17:17:54,2.535,805
C,24/01/24,17:25:59,2.535,1144
C,24/01/24,17:27:35,2.535,334
C,24/01/24,17:29:00,2.5356,1003
V,24/01/24,17:29:05,2.535,6
V,24/01/24,17:29:14,2.535,5
V,24/01/24,17:29:19,2.535,6
V,24/01/24,17:29:24,2.535,5
V,24/01/24,17:29:32,2.535,6
SF,24/01/24,17:35:19,2.525,5294
SI,25/01/24,09:00:14,2.535,5005
V,25/01/24,09:01:15,2.4831,20971
C,25/01/24,09:02:31,2.5375,9479
V,25/01/24,09:44:14,2.525,1229
C,25/01/24,10:01:06,2.535,224
V,25/01/24,11:11:18,2.52,557
V,25/01/24,11:27:46,2.52,2779
C,25/01/24,11:27:56,2.525,165
V,25/01/24,12:01:38,2.515,218
V,25/01/24,12:40:57,2.51,29
V,25/01/24,14:08:34,2.4929,8676
C,25/01/24,14:37:28,2.505,1587
V,25/01/24,14:41:17,2.495,445
V,25/01/24,14:44:47,2.495,1159
V,25/01/24,14:48:10,2.485,239
C,25/01/24,15:11:43,2.4938,2733
V,25/01/24,15:30:43,2.485,1781
V,25/01/24,15:43:04,2.485,182
V,25/01/24,15:48:20,2.485,966
C,25/01/24,15:55:31,2.49,1008
C,25/01/24,16:13:00,2.5,900
C,25/01/24,16:14:21,2.5,1627
V,25/01/24,16:54:24,2.4807,5265
C,25/01/24,16:54:27,2.4812,1418
C,25/01/24,16:54:34,2.485,2151
C,25/01/24,16:57:50,2.4901,754
V,25/01/24,17:00:15,2.485,150
C,25/01/24,17:17:17,2.4869,4172
C,25/01/24,17:17:18,2.49,235
V,25/01/24,17:27:05,2.485,314
V,25/01/24,17:28:17,2.48,13
SF,25/01/24,17:35:07,2.48,2158
SI,26/01/24,09:00:01,2.465,864
C,26/01/24,09:09:56,2.485,1182
V,26/01/24,09:34:49,2.48,200
V,26/01/24,09:49:09,2.475,2294
C,26/01/24,09:49:25,2.4807,16451
C,26/01/24,09:49:29,2.495,2018
C,26/01/24,09:52:31,2.51,465
C,26/01/24,10:01:17,2.515,1428
V,26/01/24,10:06:17,2.5094,14360
C,26/01/24,10:18:51,2.51,567
C,26/01/24,11:03:36,2.51,37
C,26/01/24,11:05:51,2.5116,2533
C,26/01/24,11:05:54,2.515,771
C,26/01/24,11:06:51,2.515,400
C,26/01/24,11:06:52,2.5265,4704
V,26/01/24,11:10:26,2.525,2918
V,26/01/24,11:10:27,2.5197,3472
C,26/01/24,12:04:27,2.52,562
C,26/01/24,12:04:31,2.52,156
V,26/01/24,12:06:29,2.515,25
C,26/01/24,12:22:59,2.518,571
C,26/01/24,12:37:37,2.525,47
V,26/01/24,12:51:16,2.515,1792
C,26/01/24,12:55:16,2.52,1564
C,26/01/24,12:56:47,2.525,425
C,26/01/24,13:14:50,2.5292,3867
V,26/01/24,13:31:28,2.525,3896
C,26/01/24,13:32:58,2.5292,3391
C,26/01/24,13:32:59,2.535,132
V,26/01/24,13:58:20,2.5299,20575
V,26/01/24,13:59:21,2.52,2702
V,26/01/24,14:50:43,2.515,1682
V,26/01/24,14:53:08,2.51,90
V,26/01/24,15:42:33,2.51,200
C,26/01/24,15:46:02,2.515,10
V,26/01/24,16:06:13,2.505,863
V,26/01/24,16:11:06,2.505,1637
V,26/01/24,16:24:54,2.5,2145
C,26/01/24,16:31:52,2.505,290
C,26/01/24,16:37:29,2.505,1224
C,26/01/24,16:43:57,2.51,494
C,26/01/24,16:43:58,2.51,99
C,26/01/24,16:45:14,2.51,20
C,26/01/24,17:17:30,2.5168,2230
SF,26/01/24,17:35:27,2.5,9978
SI,29/01/24,09:00:28,2.505,10
V,29/01/24,09:13:18,2.5044,1867
C,29/01/24,09:47:01,2.505,30
C,29/01/24,09:53:40,2.505,68
C,29/01/24,09:58:33,2.519,3768
V,29/01/24,10:27:25,2.5049,4005
C,29/01/24,10:44:43,2.505,1000
V,29/01/24,10:46:00,2.5,73
V,29/01/24,10:50:51,2.5,128
C,29/01/24,11:10:33,2.505,1203
C,29/01/24,11:12:18,2.505,500
V,29/01/24,11:23:29,2.4963,1092
V,29/01/24,11:38:44,2.485,18
V,29/01/24,11:40:44,2.485,27
V,29/01/24,12:05:49,2.485,78
V,29/01/24,12:22:17,2.485,201
C,29/01/24,12:22:35,2.49,128
C,29/01/24,12:35:50,2.495,543
V,29/01/24,13:37:16,2.485,619
C,29/01/24,13:46:38,2.49,619
C,29/01/24,13:49:40,2.495,37
V,29/01/24,14:43:50,2.4819,2569
V,29/01/24,15:31:33,2.48,1037
V,29/01/24,15:52:35,2.48,201
C,29/01/24,15:55:20,2.495,1129
V,29/01/24,16:00:32,2.49,281
C,29/01/24,16:07:24,2.5,58
C,29/01/24,16:14:12,2.5,262
V,29/01/24,16:23:53,2.49,588
V,29/01/24,16:32:19,2.49,201
C,29/01/24,16:33:54,2.495,186
C,29/01/24,16:37:50,2.5,2350
V,29/01/24,16:46:28,2.495,201
V,29/01/24,16:53:22,2.4945,1000
V,29/01/24,17:22:54,2.49,342
C,29/01/24,17:29:23,2.505,515
SF,29/01/24,17:35:21,2.51,2904
SI,30/01/24,09:00:16,2.52,223
V,30/01/24,09:33:34,2.5092,1185
V,30/01/24,10:02:57,2.5,1000
V,30/01/24,10:22:27,2.5,496
V,30/01/24,10:22:31,2.4948,1196
V,30/01/24,10:22:43,2.49,139
V,30/01/24,11:01:44,2.48,620
V,30/01/24,11:46:40,2.48,1625
C,30/01/24,11:51:49,2.485,151
V,30/01/24,12:36:09,2.475,6
C,30/01/24,13:31:43,2.49,1100
V,30/01/24,14:02:28,2.48,700
C,30/01/24,15:58:12,2.495,139
V,30/01/24,16:34:20,2.48,190
V,30/01/24,17:27:52,2.4731,28124
C,30/01/24,17:27:53,2.48,368
V,30/01/24,17:27:54,2.475,1101
V,30/01/24,17:27:55,2.47,99
V,30/01/24,17:27:56,2.465,32
C,30/01/24,17:28:16,2.475,634
SF,30/01/24,17:35:10,2.485,5078
SI,31/01/24,09:24:06,2.4646,5066
C,31/01/24,09:24:21,2.48,1343
C,31/01/24,09:46:47,2.485,37
V,31/01/24,10:20:01,2.47,2000
V,31/01/24,10:20:02,2.465,406
C,31/01/24,10:26:28,2.47,35
C,31/01/24,10:28:40,2.48,37
C,31/01/24,10:33:16,2.48,200
C,31/01/24,10:33:17,2.48,41
V,31/01/24,10:38:09,2.4672,2289
V,31/01/24,10:38:10,2.46,438
C,31/01/24,10:49:07,2.475,37
V,31/01/24,11:14:20,2.465,638
C,31/01/24,11:55:30,2.48,10
C,31/01/24,12:23:44,2.48,37
V,31/01/24,13:06:04,2.465,545
C,31/01/24,13:09:15,2.47,545
V,31/01/24,13:19:46,2.465,2
C,31/01/24,14:59:54,2.47,37
C,31/01/24,15:18:28,2.47,74
V,31/01/24,15:38:20,2.465,3459
V,31/01/24,16:15:07,2.4604,834
C,31/01/24,16:17:40,2.47,87
V,31/01/24,16:19:51,2.465,151
C,31/01/24,16:42:30,2.4721,997
V,31/01/24,16:44:15,2.47,1080
V,31/01/24,17:04:40,2.47,1319
C,31/01/24,17:06:07,2.4775,5435
V,31/01/24,17:15:51,2.47,400
C,31/01/24,17:25:04,2.475,1000
SF,31/01/24,17:35:29,2.475,1707
SI,01/02/24,10:01:41,2.5077,402
V,01/02/24,10:03:50,2.49,150
V,01/02/24,10:54:34,2.47,10
C,01/02/24,11:36:51,2.485,2213
V,01/02/24,13:50:06,2.47,5
C,01/02/24,13:52:58,2.4882,2353
C,01/02/24,14:06:35,2.49,603
C,01/02/24,14:06:36,2.49,37
V,01/02/24,14:29:22,2.4733,2348
C,01/02/24,14:29:23,2.48,296
V,01/02/24,15:03:23,2.475,123
V,01/02/24,15:25:52,2.475,119
V,01/02/24,15:30:59,2.4748,2988
V,01/02/24,15:45:25,2.47,300
C,01/02/24,15:46:09,2.485,72
V,01/02/24,17:09:59,2.4702,848
C,01/02/24,17:10:24,2.4755,151
V,01/02/24,17:26:45,2.465,2658
V,01/02/24,17:26:46,2.46,17
C,01/02/24,17:27:08,2.4608,659
V,01/02/24,17:27:42,2.46,17
C,01/02/24,17:29:06,2.4691,3436
C,01/02/24,17:29:43,2.4748,853
V,01/02/24,17:29:55,2.4742,333
SF,01/02/24,17:35:03,2.46,2593
SI,02/02/24,09:04:37,2.4733,1015
C,02/02/24,09:15:48,2.49,79
V,02/02/24,09:16:56,2.465,119
C,02/02/24,09:55:17,2.47,1000
V,02/02/24,10:02:12,2.465,254
V,02/02/24,10:15:44,2.465,192
C,02/02/24,10:23:42,2.475,37
C,02/02/24,10:28:52,2.475,36
C,02/02/24,11:27:15,2.48,100
V,02/02/24,11:28:16,2.475,37
V,02/02/24,11:52:35,2.475,37
V,02/02/24,11:52:38,2.465,81
C,02/02/24,12:05:57,2.475,354
V,02/02/24,12:06:01,2.465,518
C,02/02/24,12:07:16,2.4751,1818
C,02/02/24,12:21:52,2.4836,4032
V,02/02/24,12:58:22,2.47,136
V,02/02/24,13:01:10,2.47,88
V,02/02/24,13:20:21,2.47,102
V,02/02/24,13:29:40,2.47,135
C,02/02/24,13:40:05,2.475,135
V,02/02/24,13:58:29,2.47,139
C,02/02/24,13:59:04,2.48,484
C,02/02/24,14:11:29,2.48,37
C,02/02/24,14:31:46,2.485,836
C,02/02/24,14:32:59,2.495,1000
V,02/02/24,14:38:37,2.47,1113
C,02/02/24,14:39:23,2.48,164
V,02/02/24,14:39:28,2.4707,1308
V,02/02/24,14:42:10,2.465,103
C,02/02/24,14:44:56,2.4793,859
V,02/02/24,14:47:28,2.47,500
V,02/02/24,14:58:38,2.4653,1419
C,02/02/24,14:58:58,2.475,181
C,02/02/24,15:14:05,2.48,488
C,02/02/24,15:16:53,2.485,64
C,02/02/24,15:21:36,2.485,1682
V,02/02/24,15:21:51,2.48,234
V,02/02/24,15:22:11,2.48,217
C,02/02/24,15:23:06,2.485,1113
V,02/02/24,15:36:18,2.4713,1502
V,02/02/24,15:38:04,2.4687,3337
V,02/02/24,15:45:45,2.465,139
C,02/02/24,16:08:21,2.475,22
C,02/02/24,16:28:20,2.475,37
V,02/02/24,16:41:29,2.465,900
C,02/02/24,16:41:30,2.475,137
C,02/02/24,16:50:21,2.475,203
V,02/02/24,17:15:04,2.47,506
V,02/02/24,17:29:54,2.465,218
C,02/02/24,17:29:55,2.475,61
V,02/02/24,17:29:57,2.47,44
SF,02/02/24,17:35:22,2.47,4444
SI,05/02/24,09:00:34,2.475,800
C,05/02/24,09:20:53,2.48,700
C,05/02/24,09:52:59,2.48,5071
C,05/02/24,10:15:49,2.485,1000
C,05/02/24,11:00:43,2.485,38
V,05/02/24,11:04:20,2.475,253
V,05/02/24,11:06:10,2.475,1700
C,05/02/24,11:12:37,2.485,126
C,05/02/24,11:44:37,2.485,1539
V,05/02/24,11:46:21,2.48,555
V,05/02/24,12:21:09,2.475,100
V,05/02/24,12:24:12,2.475,1
V,05/02/24,13:17:35,2.475,232
V,05/02/24,13:39:51,2.4628,10000
V,05/02/24,14:29:26,2.4541,11918
V,05/02/24,15:17:02,2.44,14
C,05/02/24,15:20:08,2.4545,788
C,05/02/24,15:20:09,2.455,38
V,05/02/24,15:40:05,2.45,1610
V,05/02/24,15:46:34,2.44,1
C,05/02/24,15:50:00,2.4501,1574
V,05/02/24,16:14:08,2.4435,2292
C,05/02/24,16:23:27,2.45,1000
C,05/02/24,16:31:19,2.45,73
V,05/02/24,16:37:35,2.445,400
V,05/02/24,16:40:25,2.445,288
V,05/02/24,16:44:37,2.435,737
C,05/02/24,16:44:36,2.44,4878
V,05/02/24,16:44:37,2.4357,2091
V,05/02/24,17:15:40,2.435,8971
C,05/02/24,17:15:41,2.44,65
C,05/02/24,17:22:39,2.44,38
V,05/02/24,17:24:53,2.4358,6121
SF,05/02/24,17:35:17,2.435,3119
SI,06/02/24,09:00:12,2.43,80
C,06/02/24,09:02:33,2.4424,2124
C,06/02/24,09:02:46,2.445,1329
V,06/02/24,09:26:15,2.43,311
V,06/02/24,09:30:48,2.425,225
C,06/02/24,09:46:53,2.435,30
V,06/02/24,10:01:12,2.425,140
C,06/02/24,10:02:16,2.435,38
C,06/02/24,10:17:23,2.44,250
C,06/02/24,10:19:04,2.44,38
C,06/02/24,10:19:19,2.44,58
C,06/02/24,10:32:54,2.45,80
V,06/02/24,11:18:30,2.445,224
V,06/02/24,11:39:25,2.435,2
V,06/02/24,11:43:30,2.435,250
C,06/02/24,11:44:42,2.445,38
V,06/02/24,11:49:35,2.435,750
V,06/02/24,12:10:32,2.435,75
V,06/02/24,12:42:04,2.4308,1528
V,06/02/24,12:48:55,2.425,7500
C,06/02/24,12:50:30,2.435,132
C,06/02/24,13:19:42,2.44,1234
C,06/02/24,13:35:07,2.44,2209
V,06/02/24,13:40:50,2.435,247
C,06/02/24,14:29:30,2.45,323
C,06/02/24,14:31:24,2.455,131
C,06/02/24,15:41:29,2.4636,2985
C,06/02/24,16:05:10,2.48,463
C,06/02/24,16:13:44,2.48,2
V,06/02/24,16:23:52,2.47,252
V,06/02/24,16:24:12,2.47,252
V,06/02/24,16:24:18,2.47,252
C,06/02/24,17:01:56,2.471,1540
SF,06/02/24,17:35:05,2.47,4175
SI,07/02/24,09:00:00,2.475,1
V,07/02/24,09:22:20,2.4696,1059
V,07/02/24,09:25:40,2.465,140
C,07/02/24,09:37:45,2.475,350
V,07/02/24,10:45:55,2.46,59
V,07/02/24,10:55:58,2.46,300
V,07/02/24,11:04:50,2.457,4680
V,07/02/24,11:10:26,2.45,1339
V,07/02/24,11:10:33,2.4433,2968
V,07/02/24,11:34:43,2.43,4893
V,07/02/24,11:37:17,2.43,122
V,07/02/24,11:56:59,2.43,1157
V,07/02/24,12:06:57,2.425,228
V,07/02/24,12:06:58,2.42,144
V,07/02/24,12:06:59,2.42,465
V,07/02/24,12:07:00,2.4195,1694
V,07/02/24,12:07:55,2.41,100
V,07/02/24,12:16:39,2.41,1190
C,07/02/24,12:21:57,2.4196,2580
C,07/02/24,12:27:57,2.42,1263
C,07/02/24,12:29:20,2.42,1485
V,07/02/24,13:33:17,2.41,361
C,07/02/24,13:35:04,2.42,103
C,07/02/24,14:19:12,2.42,413
C,07/02/24,14:32:57,2.42,455
V,07/02/24,14:32:58,2.415,2495
V,07/02/24,14:34:50,2.415,827
V,07/02/24,14:44:06,2.415,1957
C,07/02/24,15:11:28,2.42,250
C,07/02/24,15:11:29,2.421,1800
V,07/02/24,15:49:36,2.4147,3927
V,07/02/24,15:54:28,2.41,14
C,07/02/24,15:58:01,2.415,827
C,07/02/24,16:15:03,2.415,169
C,07/02/24,16:30:22,2.4249,6270
C,07/02/24,16:36:32,2.425,368
V,07/02/24,16:38:46,2.4213,1528
V,07/02/24,17:17:40,2.4051,40752
V,07/02/24,17:17:51,2.399,4719
C,07/02/24,17:17:52,2.405,181
V,07/02/24,17:28:14,2.395,20
C,07/02/24,17:29:00,2.4,182
C,07/02/24,17:29:41,2.4,181
SF,07/02/24,17:35:25,2.405,1574
SI,08/02/24,09:32:30,2.435,82
V,08/02/24,09:47:30,2.415,6
V,08/02/24,09:51:57,2.41,1140
C,08/02/24,10:06:26,2.415,2980
C,08/02/24,11:00:18,2.42,2000
V,08/02/24,12:15:58,2.41,207
C,08/02/24,13:23:20,2.415,1290
C,08/02/24,13:25:54,2.4191,610
V,08/02/24,13:38:29,2.415,1293
V,08/02/24,13:46:29,2.41,1600
C,08/02/24,15:18:45,2.4212,2087
V,08/02/24,15:31:24,2.41,3352
V,08/02/24,15:43:59,2.405,700
C,08/02/24,16:31:28,2.41,39
V,08/02/24,17:05:47,2.405,385
C,08/02/24,17:12:55,2.4066,8565
C,08/02/24,17:13:04,2.41,243
C,08/02/24,17:17:18,2.415,700
V,08/02/24,17:17:19,2.41,176
SF,08/02/24,17:35:13,2.41,2405
SI,09/02/24,09:00:07,2.41,1473
SI,09/02/24,09:15:00,2.41,1965
V,09/02/24,09:15:10,2.3965,4316
V,09/02/24,09:19:42,2.38,1300
C,09/02/24,09:23:24,2.385,1757
C,09/02/24,09:28:26,2.39,1000
V,09/02/24,09:54:20,2.3884,1463
V,09/02/24,10:02:40,2.38,1892
V,09/02/24,10:02:41,2.38,464
V,09/02/24,10:03:08,2.38,344
C,09/02/24,10:03:53,2.39,100
C,09/02/24,10:21:07,2.3911,4193
V,09/02/24,10:24:21,2.38,1348
V,09/02/24,10:24:22,2.38,138
V,09/02/24,10:48:19,2.38,5206
V,09/02/24,11:32:43,2.367,2920
C,09/02/24,11:32:44,2.38,75
C,09/02/24,11:34:12,2.385,172
V,09/02/24,11:37:13,2.38,3032
V,09/02/24,11:43:33,2.38,281
C,09/02/24,11:50:01,2.385,350
V,09/02/24,11:51:50,2.38,9
V,09/02/24,11:55:14,2.3706,500
C,09/02/24,11:59:13,2.385,82
V,09/02/24,12:33:58,2.38,2441
V,09/02/24,12:40:25,2.3716,1454
C,09/02/24,12:54:45,2.375,124
C,09/02/24,13:05:07,2.375,1418
V,09/02/24,13:32:15,2.3702,2029
V,09/02/24,13:43:39,2.37,12
C,09/02/24,13:46:42,2.375,1325
C,09/02/24,13:55:57,2.375,110
V,09/02/24,14:05:56,2.37,2159
V,09/02/24,14:11:56,2.37,9
V,09/02/24,14:13:01,2.3605,4163
V,09/02/24,14:13:03,2.36,2883
V,09/02/24,14:18:58,2.35,210
V,09/02/24,14:18:59,2.35,1700
V,09/02/24,14:19:07,2.35,1289
C,09/02/24,14:33:15,2.36,245
V,09/02/24,14:46:31,2.3585,1873
C,09/02/24,14:56:25,2.365,759
V,09/02/24,15:20:40,2.36,500
C,09/02/24,15:22:33,2.37,1650
C,09/02/24,15:33:35,2.37,425
V,09/02/24,15:53:33,2.3595,4860
C,09/02/24,15:54:08,2.365,100
V,09/02/24,16:27:47,2.36,5
V,09/02/24,16:38:48,2.3554,2995
C,09/02/24,17:08:55,2.3618,3657
C,09/02/24,17:20:07,2.371,5374
V,09/02/24,17:21:38,2.37,145
SF,09/02/24,17:35:00,2.37,709
SI,12/02/24,09:00:03,2.35,5911
C,12/02/24,09:32:52,2.3665,6723
C,12/02/24,09:34:01,2.375,100
C,12/02/24,09:43:50,2.375,654
V,12/02/24,09:51:07,2.365,700
C,12/02/24,09:54:10,2.375,2726
V,12/02/24,09:56:44,2.36,1507
V,12/02/24,10:00:31,2.35,338
C,12/02/24,10:33:48,2.355,1276
C,12/02/24,10:34:03,2.355,1111
V,12/02/24,10:45:00,2.35,39
V,12/02/24,10:51:34,2.35,4801
C,12/02/24,10:55:24,2.36,2000
V,12/02/24,10:57:23,2.35,760
C,12/02/24,11:07:09,2.36,2757
C,12/02/24,11:11:49,2.365,2087
V,12/02/24,11:14:00,2.36,71
C,12/02/24,11:17:24,2.3684,4333
V,12/02/24,11:19:32,2.365,1000
V,12/02/24,11:19:33,2.36,473
V,12/02/24,11:46:04,2.36,55
C,12/02/24,11:46:49,2.365,661
V,12/02/24,11:56:17,2.36,5
C,12/02/24,12:11:35,2.365,2194
C,12/02/24,12:13:09,2.3693,500
V,12/02/24,12:28:11,2.36,1282
V,12/02/24,12:29:03,2.355,383
C,12/02/24,12:37:21,2.36,2826
C,12/02/24,13:02:49,2.36,39
C,12/02/24,13:11:54,2.3711,2828
V,12/02/24,13:22:32,2.36,822
V,12/02/24,13:43:52,2.355,2
V,12/02/24,15:16:02,2.355,500
V,12/02/24,15:17:55,2.355,8356
C,12/02/24,15:21:55,2.36,10
C,12/02/24,15:30:00,2.365,906
C,12/02/24,15:42:37,2.365,36
C,12/02/24,16:47:26,2.375,1396
V,12/02/24,16:47:27,2.37,383
C,12/02/24,16:48:52,2.375,200
V,12/02/24,16:51:02,2.37,1215
V,12/02/24,17:16:55,2.3491,50155
C,12/02/24,17:21:03,2.355,1555
C,12/02/24,17:21:18,2.355,189
SF,12/02/24,17:35:27,2.365,4141
SI,13/02/24,09:00:21,2.34,335
C,13/02/24,09:00:51,2.3421,6000
V,13/02/24,09:10:25,2.34,1500
C,13/02/24,09:19:39,2.345,140
C,13/02/24,09:22:48,2.345,563
V,13/02/24,09:33:16,2.33,1361
C,13/02/24,09:34:24,2.335,428
V,13/02/24,09:35:16,2.32,1385
V,13/02/24,09:37:23,2.32,3229
V,13/02/24,09:37:49,2.315,548
C,13/02/24,09:37:50,2.3224,410
C,13/02/24,09:46:42,2.33,255
C,13/02/24,09:52:51,2.33,1916
V,13/02/24,09:57:28,2.32,7577
V,13/02/24,10:21:01,2.32,262
C,13/02/24,10:22:00,2.325,400
V,13/02/24,10:49:38,2.32,53
V,13/02/24,10:53:40,2.32,497
V,13/02/24,10:55:37,2.315,280
C,13/02/24,11:02:16,2.325,9346
C,13/02/24,11:10:17,2.325,351
C,13/02/24,11:17:52,2.33,400
V,13/02/24,11:17:55,2.325,49
V,13/02/24,11:26:24,2.32,4344
V,13/02/24,11:29:47,2.3144,3587
V,13/02/24,11:36:39,2.31,4000
C,13/02/24,11:43:19,2.3225,2370
V,13/02/24,12:04:01,2.32,200
V,13/02/24,12:11:38,2.31,18
C,13/02/24,12:31:33,2.315,3274
V,13/02/24,12:59:39,2.31,1786
V,13/02/24,13:00:19,2.31,228
V,13/02/24,13:03:47,2.31,53
V,13/02/24,13:07:48,2.31,116
V,13/02/24,13:19:52,2.31,39
V,13/02/24,13:23:13,2.31,52
V,13/02/24,13:30:06,2.31,53
V,13/02/24,13:39:53,2.31,52
C,13/02/24,13:42:35,2.315,500
V,13/02/24,13:43:10,2.31,1000
V,13/02/24,13:44:38,2.31,495
V,13/02/24,13:58:24,2.305,1309
V,13/02/24,14:14:45,2.3,12475
V,13/02/24,14:20:21,2.3,6000
V,13/02/24,14:35:23,2.2838,3655
V,13/02/24,14:36:00,2.28,1249
V,13/02/24,14:40:02,2.27,5
V,13/02/24,14:40:03,2.27,500
C,13/02/24,14:40:17,2.275,82
C,13/02/24,14:42:33,2.2898,9624
C,13/02/24,14:45:06,2.295,1172
C,13/02/24,14:51:02,2.3,4669
C,13/02/24,15:01:39,2.3,500
V,13/02/24,15:08:46,2.29,540
C,13/02/24,15:10:22,2.3,166
C,13/02/24,15:10:34,2.3,193
V,13/02/24,15:14:51,2.29,1531
C,13/02/24,15:15:39,2.3,1732
V,13/02/24,15:32:43,2.29,600
V,13/02/24,15:40:25,2.29,2589
V,13/02/24,15:52:31,2.29,1500
V,13/02/24,16:00:37,2.275,1292
V,13/02/24,16:01:33,2.275,470
C,13/02/24,16:01:44,2.2788,1497
V,13/02/24,16:22:34,2.275,3500
C,13/02/24,16:22:40,2.28,107
C,13/02/24,16:22:41,2.28,53
C,13/02/24,16:27:13,2.2913,4898
V,13/02/24,16:43:17,2.29,1172
C,13/02/24,16:46:50,2.2944,3892
C,13/02/24,16:56:08,2.295,600
V,13/02/24,17:11:07,2.285,1000
C,13/02/24,17:17:04,2.295,1500
V,13/02/24,17:20:24,2.29,214
C,13/02/24,17:26:37,2.3,453
SF,13/02/24,17:35:15,2.29,2886
SI,14/02/24,09:00:09,2.275,1600
C,14/02/24,09:07:13,2.2786,2950
C,14/02/24,09:11:12,2.2889,1901
C,14/02/24,09:12:43,2.3003,5632
V,14/02/24,09:26:09,2.295,946
V,14/02/24,09:58:45,2.2859,7099
V,14/02/24,10:11:37,2.285,289
C,14/02/24,10:23:51,2.29,3000
C,14/02/24,10:28:35,2.2927,2366
V,14/02/24,10:35:35,2.29,198
V,14/02/24,10:36:33,2.2815,6600
C,14/02/24,10:42:48,2.29,41
C,14/02/24,10:48:27,2.3,1990
C,14/02/24,10:49:24,2.31,1400
V,14/02/24,11:16:52,2.3,500
C,14/02/24,11:28:03,2.3133,4148
C,14/02/24,11:31:45,2.315,1252
C,14/02/24,12:21:08,2.315,800
V,14/02/24,12:32:39,2.3,4809
C,14/02/24,12:52:39,2.305,120
V,14/02/24,13:05:20,2.3,41
V,14/02/24,13:12:00,2.3,1199
V,14/02/24,13:14:06,2.295,162
V,14/02/24,13:28:37,2.295,65
C,14/02/24,13:51:47,2.3,58
V,14/02/24,13:57:13,2.2953,1151
V,14/02/24,15:19:10,2.295,1927
V,14/02/24,15:36:15,2.29,400
V,14/02/24,15:36:16,2.2885,2070
C,14/02/24,15:38:22,2.305,100
V,14/02/24,15:45:27,2.2967,1605
V,14/02/24,15:47:59,2.295,1000
C,14/02/24,16:05:27,2.3,1031
V,14/02/24,16:13:44,2.2937,2000
C,14/02/24,16:27:17,2.315,99
V,14/02/24,16:35:49,2.3047,4607
C,14/02/24,16:51:19,2.31,100
C,14/02/24,16:56:24,2.31,214
V,14/02/24,17:04:44,2.3027,2546
C,14/02/24,17:16:24,2.3188,11176
V,14/02/24,17:16:55,2.3168,855
C,14/02/24,17:16:56,2.32,1506
C,14/02/24,17:28:30,2.325,1000
C,14/02/24,17:28:47,2.325,49
SF,14/02/24,17:35:03,2.325,4864
SI,15/02/24,09:09:05,2.33,900
C,15/02/24,09:11:36,2.34,254
V,15/02/24,09:15:14,2.325,1000
V,15/02/24,09:24:32,2.3245,2954
C,15/02/24,09:28:36,2.3265,10065
C,15/02/24,09:28:37,2.33,90
V,15/02/24,09:28:42,2.3261,873
V,15/02/24,10:39:39,2.315,438
V,15/02/24,10:41:49,2.31,2101
V,15/02/24,10:47:04,2.31,400
V,15/02/24,11:06:48,2.31,130
V,15/02/24,12:13:38,2.31,100
V,15/02/24,13:00:56,2.3039,11821
C,15/02/24,13:52:25,2.305,1000
V,15/02/24,13:54:19,2.295,48
C,15/02/24,14:13:30,2.3,447
C,15/02/24,14:33:03,2.3032,777
V,15/02/24,15:29:05,2.2982,8491
C,15/02/24,16:26:50,2.31,3714
C,15/02/24,16:31:51,2.32,100
V,15/02/24,16:33:58,2.31,1161
V,15/02/24,16:53:50,2.305,3944
V,15/02/24,17:14:42,2.3,40
C,15/02/24,17:28:44,2.3006,45
SF,15/02/24,17:35:22,2.33,1900
SI,16/02/24,09:18:59,2.33,2000
V,16/02/24,10:28:51,2.32,458
C,16/02/24,10:29:52,2.325,1097
V,16/02/24,11:00:54,2.3158,2057
C,16/02/24,12:26:36,2.325,40
V,16/02/24,12:30:28,2.32,40
V,16/02/24,13:05:33,2.32,146
V,16/02/24,13:05:34,2.32,40
C,16/02/24,13:26:05,2.3236,414
V,16/02/24,13:36:27,2.3145,3032
V,16/02/24,13:51:05,2.305,146
V,16/02/24,13:54:27,2.3004,503
C,16/02/24,13:58:40,2.305,1227
C,16/02/24,14:46:55,2.305,520
V,16/02/24,14:53:51,2.3,4000
C,16/02/24,15:33:49,2.31,500
V,16/02/24,15:43:19,2.3,4257
V,16/02/24,16:00:11,2.3,4000
V,16/02/24,16:08:57,2.29,262
C,16/02/24,16:10:53,2.295,1319
C,16/02/24,16:16:41,2.3,200
V,16/02/24,16:27:38,2.295,401
V,16/02/24,16:27:44,2.2904,1419
V,16/02/24,16:27:59,2.29,1207
C,16/02/24,16:37:58,2.295,215
V,16/02/24,16:57:33,2.285,540
C,16/02/24,16:58:58,2.29,1037
V,16/02/24,17:08:39,2.2837,3000
C,16/02/24,17:09:43,2.29,281
C,16/02/24,17:10:39,2.29,1019
V,16/02/24,17:29:32,2.2852,330
SF,16/02/24,17:35:10,2.29,9282
SI,19/02/24,09:00:12,2.265,4510
C,19/02/24,09:24:20,2.27,1483
C,19/02/24,09:26:46,2.275,2063
C,19/02/24,09:28:12,2.28,632
C,19/02/24,09:52:04,2.28,41
C,19/02/24,09:53:24,2.285,63
V,19/02/24,10:53:38,2.28,72
V,19/02/24,12:53:06,2.28,286
C,19/02/24,13:14:56,2.2847,3025
V,19/02/24,13:23:34,2.28,300
C,19/02/24,13:55:10,2.285,64
C,19/02/24,14:13:09,2.2946,1092
V,19/02/24,14:13:26,2.29,96
V,19/02/24,14:13:39,2.29,2103
C,19/02/24,14:23:52,2.3,2000
V,19/02/24,15:40:20,2.2834,9000
C,19/02/24,16:07:20,2.3029,2615
C,19/02/24,16:08:36,2.305,100
V,19/02/24,16:13:26,2.3,3314
V,19/02/24,16:14:38,2.29,814
V,19/02/24,16:26:55,2.29,350
V,19/02/24,16:29:44,2.285,111
C,19/02/24,16:45:27,2.29,925
C,19/02/24,17:19:50,2.2993,2779
V,19/02/24,17:28:50,2.295,41
SF,19/02/24,17:35:06,2.3,3279
SI,20/02/24,10:13:01,2.2772,5000
V,20/02/24,10:13:02,2.27,1194
V,20/02/24,10:27:52,2.265,1500
C,20/02/24,10:45:59,2.27,1281
C,20/02/24,10:51:29,2.275,430
V,20/02/24,11:01:29,2.265,3981
C,20/02/24,11:13:31,2.2742,4299
V,20/02/24,11:45:55,2.2616,2959
C,20/02/24,12:07:26,2.27,1000
V,20/02/24,12:50:30,2.26,1
V,20/02/24,12:59:16,2.26,1330
C,20/02/24,13:03:33,2.2725,4011
V,20/02/24,13:20:27,2.27,1837
V,20/02/24,13:20:28,2.27,8623
V,20/02/24,13:24:30,2.2622,6792
C,20/02/24,13:40:59,2.2741,2454
C,20/02/24,13:42:00,2.28,4406
C,20/02/24,13:42:09,2.28,1589
V,20/02/24,13:47:58,2.275,800
C,20/02/24,14:53:26,2.2945,20000
C,20/02/24,15:23:21,2.3,214
V,20/02/24,15:25:52,2.29,923
V,20/02/24,15:33:29,2.2852,1932
C,20/02/24,15:33:31,2.29,162
V,20/02/24,16:12:56,2.2802,1784
C,20/02/24,16:12:57,2.285,202
C,20/02/24,16:13:18,2.29,3095
C,20/02/24,16:15:35,2.3,434
C,20/02/24,16:16:32,2.3,762
V,20/02/24,16:34:27,2.295,783
C,20/02/24,16:51:41,2.3027,3703
C,20/02/24,17:16:25,2.31,868
C,20/02/24,17:29:49,2.31,64
SF,20/02/24,17:35:25,2.31,4387
SI,21/02/24,09:00:20,2.28,5004
C,21/02/24,09:21:20,2.31,268
V,21/02/24,09:32:22,2.3,999
C,21/02/24,09:32:46,2.31,463
V,21/02/24,09:44:22,2.3,560
V,21/02/24,10:03:21,2.3,2000
C,21/02/24,10:03:24,2.31,1212
C,21/02/24,10:19:28,2.3104,1528
V,21/02/24,10:19:34,2.305,9
V,21/02/24,10:31:04,2.305,200
C,21/02/24,11:27:47,2.315,1753
C,21/02/24,11:43:36,2.315,870
C,21/02/24,12:23:03,2.315,40
V,21/02/24,12:41:24,2.305,196
V,21/02/24,13:05:14,2.3,175
C,21/02/24,13:30:28,2.311,1480
V,21/02/24,15:23:35,2.3001,200
V,21/02/24,16:07:35,2.295,2195
V,21/02/24,16:07:36,2.295,1049
V,21/02/24,16:07:44,2.285,100
V,21/02/24,16:07:47,2.285,1095
V,21/02/24,16:30:31,2.28,26
C,21/02/24,16:33:07,2.29,40
V,21/02/24,16:47:13,2.2816,253
C,21/02/24,16:52:04,2.2873,3323
C,21/02/24,16:52:36,2.2966,1745
V,21/02/24,17:09:11,2.295,228
SF,21/02/24,17:35:13,2.285,5665
SI,22/02/24,09:29:11,2.3,2091
C,22/02/24,09:29:24,2.3013,5721
C,22/02/24,09:34:57,2.3132,1893
V,22/02/24,09:35:40,2.31,122
V,22/02/24,10:01:11,2.305,2300
V,22/02/24,10:53:28,2.29,250
V,22/02/24,10:54:59,2.29,500
V,22/02/24,10:56:20,2.29,250
V,22/02/24,11:09:04,2.2847,11016
C,22/02/24,11:39:15,2.2896,7685
V,22/02/24,11:51:37,2.28,837
C,22/02/24,11:52:33,2.29,1500
C,22/02/24,12:14:36,2.29,3000
V,22/02/24,12:38:00,2.285,1000
V,22/02/24,13:10:39,2.285,140
C,22/02/24,13:21:55,2.29,610
C,22/02/24,13:52:28,2.295,1500
V,22/02/24,14:02:46,2.29,2755
V,22/02/24,14:33:06,2.29,3080
C,22/02/24,15:19:39,2.2934,416
V,22/02/24,15:24:11,2.285,149
V,22/02/24,16:47:39,2.285,255
SF,22/02/24,17:35:01,2.28,2132
SI,23/02/24,09:00:27,2.3,175
V,23/02/24,09:37:23,2.2787,15126
C,23/02/24,09:37:28,2.28,1047
C,23/02/24,09:47:02,2.285,1573
C,23/02/24,09:49:07,2.285,1427
C,23/02/24,10:11:45,2.3115,53386
C,23/02/24,10:17:53,2.3238,10000
V,23/02/24,10:19:19,2.315,1479
C,23/02/24,10:20:11,2.33,6000
C,23/02/24,10:25:06,2.3326,14000
C,23/02/24,10:26:19,2.35,3000
C,23/02/24,10:26:34,2.35,5000
C,23/02/24,10:28:31,2.36,46
C,23/02/24,10:29:07,2.365,1500
V,23/02/24,10:29:32,2.35,1293
C,23/02/24,10:38:54,2.365,500
V,23/02/24,10:42:57,2.355,1169
C,23/02/24,10:47:33,2.3614,14171
V,23/02/24,11:15:13,2.3593,10770
V,23/02/24,11:15:15,2.35,2169
V,23/02/24,11:17:16,2.345,1793
V,23/02/24,11:17:53,2.34,1169
V,23/02/24,11:26:28,2.335,1881
V,23/02/24,11:27:33,2.33,3455
V,23/02/24,11:33:00,2.33,200
V,23/02/24,11:47:27,2.3211,2713
V,23/02/24,11:51:47,2.3177,3265
C,23/02/24,12:26:55,2.3221,1860
V,23/02/24,12:40:57,2.315,4413
V,23/02/24,12:53:26,2.31,238
V,23/02/24,13:15:35,2.31,249
C,23/02/24,13:15:43,2.32,2000
V,23/02/24,13:20:18,2.315,94
V,23/02/24,13:36:22,2.315,218
C,23/02/24,14:50:11,2.32,600
V,23/02/24,16:11:46,2.31,216
V,23/02/24,16:11:47,2.31,2141
V,23/02/24,16:27:46,2.31,586
V,23/02/24,16:41:19,2.31,2747
V,23/02/24,16:45:46,2.305,20
V,23/02/24,16:51:25,2.305,316
V,23/02/24,17:12:46,2.305,205
V,23/02/24,17:18:05,2.305,171
V,23/02/24,17:29:36,2.3048,183
SF,23/02/24,17:35:21,2.31,13236